{
  "heading": "Insurance",
  "lead_count": 10,
  "leads": [
    {
      "insurance_type_label": "Two Wheeler Insurance",
      "lead_id": "4ae5b0e6-e2ba-482b-8569-45a4715267b1",
      "cust_phone": "8114432321",
      "premium": 400,
      "commission": 50,
      "lead_data": [
        {
          "label": "Customer phone no",
          "value": "9999999999",
          "is_rupee_symbol": false
        },
        {
          "label": "Premium",
          "value": "400",
          "is_rupee_symbol": true
        },
        {
          "label": "Commission",
          "value": "50",
          "is_rupee_symbol": true
        }
      ],

      "timestamp": "2016-05-04 15:59:21",
      "lead_status": "SUBMITTED/SUCCESS/CANCELLED"
    }
  ],
  "commission_details": {
    "amount": 1680,
    "text": "Insurance commision booked for 48 leads",
    "count": 48,
    "report_text": "View commission payout details",
    "report_link": "<DOWNLOAD_REPORT_URL>",
    "date_filter": [
      {
        "period": {
          "start": "2016-05-04 00:00:00",
          "end": "2016-05-04 15:04:00"
        },
        "label": "today",
        "calendar": false,
        "selected": true
      },
      {
        "period": {
          "start": "2016-05-04 00:00:00",
          "end": "2016-05-04 15:04:00"
        },
        "label": "month",
        "calendar": false,
        "selected": false
      },
      {
        "period": {
          "start": "2016-05-04 15:04:00",
          "end": "2016-06-04 15:04:00"
        },
        "label": "custom",
        "calendar": true,
        "selected": false
      }
    ]
  },

  "request_dateFrom": "26-06-2019 00:00:00",
  "request_dateTo": "26-06-2019 23:59:59",
  "meta_info": {},
  "request_id": "3FSFDS45232SFDSFSDFDS",
  "next": false
}
